image_path,label,forgery_type,resolution
data/ff_plus_plus/224x224/fake/deepfakes/test_627_658_f321.jpg,1,deepfakes,224
data/ff_plus_plus/224x224/fake/face2face/val_634_660_f245.jpg,1,face2face,224
data/ff_plus_plus/224x224/fake/face2face/val_714_842_f30.jpg,1,face2face,224
data/ff_plus_plus/224x224/fake/face2face/train_022_489_f233.jpg,1,face2face,224
data/ff_plus_plus/224x224/real/val_375_f121.jpg,0,real,224
data/ff_plus_plus/224x224/fake/face2face/train_135_880_f224.jpg,1,face2face,224
data/ff_plus_plus/224x224/fake/face2face/test_050_059_f0.jpg,1,face2face,224
data/ff_plus_plus/224x224/fake/deepfakes/test_397_602_f195.jpg,1,deepfakes,224
data/ff_plus_plus/224x224/fake/faceswap/val_557_560_f276.jpg,1,faceswap,224
data/ff_plus_plus/224x224/real/train_015_f0.jpg,0,real,224
data/ff_plus_plus/224x224/fake/faceswap/train_192_134_f138.jpg,1,faceswap,224
data/ff_plus_plus/224x224/real/test_529_f34.jpg,0,real,224
data/ff_plus_plus/224x224/fake/face2face/test_349_350_f195.jpg,1,face2face,224
data/ff_plus_plus/224x224/fake/neuraltextures/val_199_181_f37.jpg,1,neuraltextures,224
data/ff_plus_plus/224x224/fake/neuraltextures/train_227_169_f197.jpg,1,neuraltextures,224
data/ff_plus_plus/224x224/fake/neuraltextures/test_744_674_f101.jpg,1,neuraltextures,224
data/ff_plus_plus/224x224/real/train_249_f565.jpg,0,real,224
data/ff_plus_plus/224x224/fake/neuraltextures/test_272_396_f155.jpg,1,neuraltextures,224
data/ff_plus_plus/224x224/fake/faceswap/test_352_319_f115.jpg,1,faceswap,224
data/ff_plus_plus/224x224/real/train_313_f215.jpg,0,real,224
data/ff_plus_plus/224x224/fake/deepfakes/train_111_094_f163.jpg,1,deepfakes,224
data/ff_plus_plus/224x224/real/train_073_f242.jpg,0,real,224
data/ff_plus_plus/224x224/real/val_032_f0.jpg,0,real,224
data/ff_plus_plus/224x224/fake/deepfakes/test_809_799_f328.jpg,1,deepfakes,224
data/ff_plus_plus/224x224/real/train_132_f127.jpg,0,real,224
data/ff_plus_plus/224x224/real/train_177_f169.jpg,0,real,224
data/ff_plus_plus/224x224/real/test_720_f97.jpg,0,real,224
data/ff_plus_plus/224x224/fake/neuraltextures/val_625_650_f216.jpg,1,neuraltextures,224
data/ff_plus_plus/224x224/fake/neuraltextures/test_863_853_f141.jpg,1,neuraltextures,224
data/ff_plus_plus/224x224/fake/neuraltextures/train_286_267_f21.jpg,1,neuraltextures,224
data/ff_plus_plus/224x224/real/train_356_f441.jpg,0,real,224
data/ff_plus_plus/224x224/real/train_019_f1240.jpg,0,real,224
data/ff_plus_plus/224x224/fake/deepfakes/val_891_876_f172.jpg,1,deepfakes,224
data/ff_plus_plus/224x224/real/val_945_f733.jpg,0,real,224
data/ff_plus_plus/224x224/real/val_031_f0.jpg,0,real,224
data/ff_plus_plus/224x224/real/train_112_f201.jpg,0,real,224
data/ff_plus_plus/224x224/fake/face2face/train_204_230_f63.jpg,1,face2face,224
data/ff_plus_plus/224x224/fake/deepfakes/train_347_314_f220.jpg,1,deepfakes,224
data/ff_plus_plus/224x224/fake/neuraltextures/test_821_812_f130.jpg,1,neuraltextures,224
data/ff_plus_plus/224x224/real/test_419_f234.jpg,0,real,224
data/ff_plus_plus/224x224/real/train_326_f566.jpg,0,real,224
data/ff_plus_plus/224x224/real/test_699_f90.jpg,0,real,224
data/ff_plus_plus/224x224/real/train_302_f452.jpg,0,real,224
data/ff_plus_plus/224x224/fake/neuraltextures/val_239_218_f254.jpg,1,neuraltextures,224
data/ff_plus_plus/224x224/real/train_284_f299.jpg,0,real,224
data/ff_plus_plus/224x224/real/train_244_f498.jpg,0,real,224
data/ff_plus_plus/224x224/fake/neuraltextures/train_121_093_f74.jpg,1,neuraltextures,224
data/ff_plus_plus/224x224/fake/deepfakes/val_346_351_f190.jpg,1,deepfakes,224
data/ff_plus_plus/224x224/real/val_572_f131.jpg,0,real,224
data/ff_plus_plus/224x224/fake/faceswap/train_353_383_f258.jpg,1,faceswap,224
data/ff_plus_plus/224x224/fake/deepfakes/train_251_375_f95.jpg,1,deepfakes,224
data/ff_plus_plus/224x224/fake/neuraltextures/test_144_122_f127.jpg,1,neuraltextures,224
data/ff_plus_plus/224x224/real/train_224_f369.jpg,0,real,224
data/ff_plus_plus/224x224/fake/deepfakes/train_306_278_f350.jpg,1,deepfakes,224
data/ff_plus_plus/224x224/real/test_155_f342.jpg,0,real,224
data/ff_plus_plus/224x224/real/test_193_f204.jpg,0,real,224
data/ff_plus_plus/224x224/fake/deepfakes/val_781_806_f228.jpg,1,deepfakes,224
data/ff_plus_plus/224x224/real/test_080_f99.jpg,0,real,224
data/ff_plus_plus/224x224/real/train_149_f212.jpg,0,real,224
data/ff_plus_plus/224x224/fake/faceswap/train_246_258_f187.jpg,1,faceswap,224
data/ff_plus_plus/224x224/real/train_274_f309.jpg,0,real,224
data/ff_plus_plus/224x224/real/test_399_f356.jpg,0,real,224
data/ff_plus_plus/224x224/fake/deepfakes/train_065_089_f425.jpg,1,deepfakes,224
data/ff_plus_plus/224x224/real/train_131_f105.jpg,0,real,224
data/ff_plus_plus/224x224/fake/deepfakes/val_447_431_f156.jpg,1,deepfakes,224
data/ff_plus_plus/224x224/fake/face2face/train_234_187_f747.jpg,1,face2face,224
data/ff_plus_plus/224x224/fake/face2face/train_034_590_f227.jpg,1,face2face,224
data/ff_plus_plus/224x224/fake/faceswap/val_747_854_f212.jpg,1,faceswap,224
data/ff_plus_plus/224x224/real/test_496_f1391.jpg,0,real,224
data/ff_plus_plus/224x224/fake/deepfakes/train_069_961_f693.jpg,1,deepfakes,224
data/ff_plus_plus/224x224/real/test_749_f23.jpg,0,real,224
data/ff_plus_plus/224x224/real/val_916_f66.jpg,0,real,224
data/ff_plus_plus/224x224/fake/deepfakes/train_391_406_f150.jpg,1,deepfakes,224
data/ff_plus_plus/224x224/fake/face2face/val_748_355_f85.jpg,1,face2face,224
data/ff_plus_plus/224x224/real/train_267_f283.jpg,0,real,224
data/ff_plus_plus/224x224/real/train_262_f396.jpg,0,real,224
data/ff_plus_plus/224x224/fake/face2face/test_749_659_f931.jpg,1,face2face,224
data/ff_plus_plus/224x224/real/test_279_f468.jpg,0,real,224
data/ff_plus_plus/224x224/fake/deepfakes/train_384_932_f143.jpg,1,deepfakes,224
data/ff_plus_plus/224x224/real/train_296_f23.jpg,0,real,224
data/ff_plus_plus/224x224/fake/face2face/train_142_138_f394.jpg,1,face2face,224
data/ff_plus_plus/224x224/real/test_463_f108.jpg,0,real,224
data/ff_plus_plus/224x224/real/train_241_f40.jpg,0,real,224
data/ff_plus_plus/224x224/real/test_466_f11.jpg,0,real,224
data/ff_plus_plus/224x224/real/train_311_f25.jpg,0,real,224
data/ff_plus_plus/224x224/fake/deepfakes/train_103_082_f20.jpg,1,deepfakes,224
data/ff_plus_plus/224x224/fake/neuraltextures/val_937_888_f52.jpg,1,neuraltextures,224
data/ff_plus_plus/224x224/fake/face2face/train_377_333_f295.jpg,1,face2face,224
data/ff_plus_plus/224x224/fake/faceswap/test_108_052_f41.jpg,1,faceswap,224
data/ff_plus_plus/224x224/real/train_325_f391.jpg,0,real,224
data/ff_plus_plus/224x224/real/val_137_f0.jpg,0,real,224
data/ff_plus_plus/224x224/real/val_638_f697.jpg,0,real,224
data/ff_plus_plus/224x224/fake/deepfakes/test_653_601_f528.jpg,1,deepfakes,224
data/ff_plus_plus/224x224/real/train_143_f227.jpg,0,real,224
data/ff_plus_plus/224x224/fake/faceswap/train_034_590_f196.jpg,1,faceswap,224
data/ff_plus_plus/224x224/real/val_535_f160.jpg,0,real,224
data/ff_plus_plus/224x224/fake/faceswap/test_412_274_f342.jpg,1,faceswap,224
data/ff_plus_plus/224x224/real/test_642_f532.jpg,0,real,224
data/ff_plus_plus/224x224/real/test_443_f473.jpg,0,real,224
data/ff_plus_plus/224x224/fake/faceswap/train_286_267_f147.jpg,1,faceswap,224
data/ff_plus_plus/224x224/fake/face2face/train_393_405_f36.jpg,1,face2face,224
data/ff_plus_plus/224x224/real/train_364_f490.jpg,0,real,224
data/ff_plus_plus/224x224/fake/neuraltextures/train_214_255_f127.jpg,1,neuraltextures,224
data/ff_plus_plus/224x224/real/train_214_f365.jpg,0,real,224
data/ff_plus_plus/224x224/fake/face2face/test_303_309_f29.jpg,1,face2face,224
data/ff_plus_plus/224x224/fake/face2face/test_529_633_f405.jpg,1,face2face,224
data/ff_plus_plus/224x224/fake/deepfakes/train_141_161_f279.jpg,1,deepfakes,224
data/ff_plus_plus/224x224/fake/neuraltextures/train_367_371_f558.jpg,1,neuraltextures,224
data/ff_plus_plus/224x224/real/train_065_f182.jpg,0,real,224
data/ff_plus_plus/224x224/fake/neuraltextures/train_073_024_f252.jpg,1,neuraltextures,224
data/ff_plus_plus/224x224/fake/deepfakes/test_834_852_f291.jpg,1,deepfakes,224
data/ff_plus_plus/224x224/fake/faceswap/train_264_271_f187.jpg,1,faceswap,224
data/ff_plus_plus/224x224/fake/neuraltextures/val_601_653_f225.jpg,1,neuraltextures,224
data/ff_plus_plus/224x224/fake/faceswap/train_226_491_f101.jpg,1,faceswap,224
data/ff_plus_plus/224x224/real/test_627_f373.jpg,0,real,224
data/ff_plus_plus/224x224/real/val_515_f158.jpg,0,real,224
data/ff_plus_plus/224x224/real/train_090_f283.jpg,0,real,224
data/ff_plus_plus/224x224/fake/neuraltextures/val_394_373_f274.jpg,1,neuraltextures,224
data/ff_plus_plus/224x224/fake/deepfakes/train_015_919_f0.jpg,1,deepfakes,224
data/ff_plus_plus/224x224/real/train_270_f288.jpg,0,real,224
data/ff_plus_plus/224x224/fake/neuraltextures/test_529_633_f149.jpg,1,neuraltextures,224
data/ff_plus_plus/224x224/real/val_473_f158.jpg,0,real,224
data/ff_plus_plus/224x224/fake/face2face/train_367_371_f469.jpg,1,face2face,224
data/ff_plus_plus/224x224/real/train_223_f288.jpg,0,real,224
data/ff_plus_plus/224x224/real/train_181_f378.jpg,0,real,224
data/ff_plus_plus/224x224/fake/deepfakes/train_182_242_f277.jpg,1,deepfakes,224
data/ff_plus_plus/224x224/fake/deepfakes/train_339_392_f220.jpg,1,deepfakes,224
data/ff_plus_plus/224x224/real/val_602_f183.jpg,0,real,224
data/ff_plus_plus/224x224/fake/faceswap/val_756_503_f451.jpg,1,faceswap,224
data/ff_plus_plus/224x224/fake/faceswap/train_116_091_f44.jpg,1,faceswap,224
data/ff_plus_plus/224x224/fake/deepfakes/val_239_218_f263.jpg,1,deepfakes,224
data/ff_plus_plus/224x224/fake/faceswap/val_248_232_f102.jpg,1,faceswap,224
data/ff_plus_plus/224x224/real/train_228_f421.jpg,0,real,224
data/ff_plus_plus/224x224/fake/neuraltextures/val_874_291_f45.jpg,1,neuraltextures,224
data/ff_plus_plus/224x224/fake/deepfakes/test_868_949_f370.jpg,1,deepfakes,224
data/ff_plus_plus/224x224/real/test_402_f218.jpg,0,real,224
data/ff_plus_plus/224x224/real/test_888_f147.jpg,0,real,224
data/ff_plus_plus/224x224/real/train_140_f166.jpg,0,real,224
data/ff_plus_plus/224x224/real/test_163_f188.jpg,0,real,224
data/ff_plus_plus/224x224/real/test_508_f602.jpg,0,real,224
data/ff_plus_plus/224x224/real/test_324_f43.jpg,0,real,224
data/ff_plus_plus/224x224/real/train_200_f74.jpg,0,real,224
data/ff_plus_plus/224x224/fake/face2face/val_166_167_f0.jpg,1,face2face,224
data/ff_plus_plus/224x224/real/train_250_f524.jpg,0,real,224
data/ff_plus_plus/224x224/fake/neuraltextures/test_564_971_f158.jpg,1,neuraltextures,224
data/ff_plus_plus/224x224/fake/neuraltextures/train_057_070_f252.jpg,1,neuraltextures,224
data/ff_plus_plus/224x224/fake/faceswap/train_184_205_f105.jpg,1,faceswap,224
data/ff_plus_plus/224x224/real/train_192_f78.jpg,0,real,224
data/ff_plus_plus/224x224/fake/faceswap/train_258_246_f187.jpg,1,faceswap,224
data/ff_plus_plus/224x224/real/train_315_f271.jpg,0,real,224
data/ff_plus_plus/224x224/fake/face2face/test_508_831_f326.jpg,1,face2face,224
data/ff_plus_plus/224x224/real/train_051_f518.jpg,0,real,224
data/ff_plus_plus/224x224/fake/neuraltextures/val_373_394_f274.jpg,1,neuraltextures,224
data/ff_plus_plus/224x224/real/val_503_f162.jpg,0,real,224
data/ff_plus_plus/224x224/fake/neuraltextures/train_242_182_f45.jpg,1,neuraltextures,224
data/ff_plus_plus/224x224/real/val_714_f57.jpg,0,real,224
data/ff_plus_plus/224x224/real/train_299_f215.jpg,0,real,224
data/ff_plus_plus/224x224/fake/face2face/train_264_271_f134.jpg,1,face2face,224
data/ff_plus_plus/224x224/real/test_421_f35.jpg,0,real,224
data/ff_plus_plus/224x224/fake/neuraltextures/test_303_309_f432.jpg,1,neuraltextures,224
data/ff_plus_plus/224x224/fake/deepfakes/val_130_139_f0.jpg,1,deepfakes,224
data/ff_plus_plus/224x224/fake/faceswap/test_479_706_f22.jpg,1,faceswap,224
data/ff_plus_plus/224x224/fake/face2face/test_699_734_f870.jpg,1,face2face,224
data/ff_plus_plus/224x224/fake/face2face/test_716_712_f549.jpg,1,face2face,224
data/ff_plus_plus/224x224/fake/faceswap/val_697_581_f26.jpg,1,faceswap,224
data/ff_plus_plus/224x224/fake/face2face/train_070_057_f14.jpg,1,face2face,224
data/ff_plus_plus/224x224/real/train_276_f227.jpg,0,real,224
data/ff_plus_plus/224x224/fake/face2face/train_219_220_f294.jpg,1,face2face,224
data/ff_plus_plus/224x224/real/train_305_f435.jpg,0,real,224
data/ff_plus_plus/224x224/real/train_300_f329.jpg,0,real,224
data/ff_plus_plus/224x224/real/train_386_f169.jpg,0,real,224
data/ff_plus_plus/224x224/real/val_828_f274.jpg,0,real,224
data/ff_plus_plus/224x224/real/test_809_f151.jpg,0,real,224
data/ff_plus_plus/224x224/fake/neuraltextures/val_697_581_f249.jpg,1,neuraltextures,224
data/ff_plus_plus/224x224/real/val_883_f372.jpg,0,real,224
data/ff_plus_plus/224x224/real/train_390_f250.jpg,0,real,224
data/ff_plus_plus/224x224/real/train_212_f342.jpg,0,real,224
data/ff_plus_plus/224x224/real/train_222_f336.jpg,0,real,224
data/ff_plus_plus/224x224/fake/faceswap/train_129_127_f45.jpg,1,faceswap,224
data/ff_plus_plus/224x224/fake/face2face/train_131_518_f131.jpg,1,face2face,224
data/ff_plus_plus/224x224/real/val_924_f903.jpg,0,real,224
data/ff_plus_plus/224x224/fake/face2face/train_086_090_f189.jpg,1,face2face,224
data/ff_plus_plus/224x224/real/val_075_f0.jpg,0,real,224
data/ff_plus_plus/224x224/fake/deepfakes/test_746_571_f407.jpg,1,deepfakes,224
data/ff_plus_plus/224x224/fake/faceswap/val_137_165_f239.jpg,1,faceswap,224
data/ff_plus_plus/224x224/real/train_017_f164.jpg,0,real,224
data/ff_plus_plus/224x224/real/train_372_f167.jpg,0,real,224
data/ff_plus_plus/224x224/real/train_393_f199.jpg,0,real,224
data/ff_plus_plus/224x224/fake/neuraltextures/train_249_280_f605.jpg,1,neuraltextures,224
data/ff_plus_plus/224x224/fake/face2face/val_937_888_f42.jpg,1,face2face,224
data/ff_plus_plus/224x224/fake/neuraltextures/train_292_294_f43.jpg,1,neuraltextures,224
data/ff_plus_plus/224x224/fake/faceswap/train_304_300_f20.jpg,1,faceswap,224
data/ff_plus_plus/224x224/fake/face2face/test_947_951_f1012.jpg,1,face2face,224
data/ff_plus_plus/224x224/real/train_114_f174.jpg,0,real,224
data/ff_plus_plus/224x224/real/train_135_f146.jpg,0,real,224
data/ff_plus_plus/224x224/real/val_368_f131.jpg,0,real,224
data/ff_plus_plus/224x224/real/train_332_f382.jpg,0,real,224
data/ff_plus_plus/224x224/real/train_129_f11.jpg,0,real,224
data/ff_plus_plus/224x224/fake/deepfakes/val_667_446_f419.jpg,1,deepfakes,224
data/ff_plus_plus/224x224/real/test_554_f712.jpg,0,real,224
data/ff_plus_plus/224x224/real/test_191_f204.jpg,0,real,224
data/ff_plus_plus/224x224/fake/deepfakes/train_020_344_f281.jpg,1,deepfakes,224
data/ff_plus_plus/224x224/fake/face2face/train_251_375_f121.jpg,1,face2face,224
data/ff_plus_plus/224x224/fake/deepfakes/train_168_222_f1100.jpg,1,deepfakes,224
data/ff_plus_plus/224x224/fake/faceswap/train_342_416_f228.jpg,1,faceswap,224
data/ff_plus_plus/224x224/fake/deepfakes/val_153_150_f0.jpg,1,deepfakes,224
data/ff_plus_plus/224x224/real/train_060_f726.jpg,0,real,224
data/ff_plus_plus/224x224/fake/neuraltextures/train_083_213_f286.jpg,1,neuraltextures,224
data/ff_plus_plus/224x224/real/val_925_f73.jpg,0,real,224
data/ff_plus_plus/224x224/fake/faceswap/train_268_269_f266.jpg,1,faceswap,224
data/ff_plus_plus/224x224/real/test_459_f126.jpg,0,real,224
data/ff_plus_plus/224x224/real/train_022_f145.jpg,0,real,224
data/ff_plus_plus/224x224/fake/neuraltextures/train_126_104_f67.jpg,1,neuraltextures,224
data/ff_plus_plus/224x224/fake/faceswap/train_292_294_f160.jpg,1,faceswap,224
data/ff_plus_plus/224x224/fake/face2face/test_888_937_f78.jpg,1,face2face,224
data/ff_plus_plus/224x224/real/train_331_f290.jpg,0,real,224
data/ff_plus_plus/224x224/fake/face2face/train_048_029_f329.jpg,1,face2face,224
data/ff_plus_plus/224x224/real/train_203_f76.jpg,0,real,224
data/ff_plus_plus/224x224/fake/neuraltextures/train_005_010_f0.jpg,1,neuraltextures,224
data/ff_plus_plus/224x224/fake/face2face/train_334_318_f163.jpg,1,face2face,224
data/ff_plus_plus/224x224/real/train_292_f263.jpg,0,real,224
data/ff_plus_plus/224x224/fake/face2face/val_557_560_f60.jpg,1,face2face,224
data/ff_plus_plus/224x224/fake/neuraltextures/val_319_352_f246.jpg,1,neuraltextures,224
data/ff_plus_plus/224x224/real/test_374_f322.jpg,0,real,224
data/ff_plus_plus/224x224/fake/neuraltextures/test_659_749_f357.jpg,1,neuraltextures,224
data/ff_plus_plus/224x224/real/test_016_f233.jpg,0,real,224
data/ff_plus_plus/224x224/fake/deepfakes/train_079_076_f423.jpg,1,deepfakes,224
data/ff_plus_plus/224x224/real/train_361_f375.jpg,0,real,224
data/ff_plus_plus/224x224/fake/neuraltextures/test_947_951_f22.jpg,1,neuraltextures,224
data/ff_plus_plus/224x224/fake/deepfakes/train_026_012_f254.jpg,1,deepfakes,224
data/ff_plus_plus/224x224/real/train_354_f379.jpg,0,real,224
data/ff_plus_plus/224x224/fake/neuraltextures/val_842_714_f353.jpg,1,neuraltextures,224
data/ff_plus_plus/224x224/real/val_842_f338.jpg,0,real,224
data/ff_plus_plus/224x224/fake/deepfakes/train_287_426_f408.jpg,1,deepfakes,224
data/ff_plus_plus/224x224/real/test_252_f275.jpg,0,real,224
data/ff_plus_plus/224x224/real/test_198_f215.jpg,0,real,224
data/ff_plus_plus/224x224/real/train_170_f294.jpg,0,real,224
data/ff_plus_plus/224x224/fake/neuraltextures/train_401_395_f400.jpg,1,neuraltextures,224
data/ff_plus_plus/224x224/real/train_102_f200.jpg,0,real,224
data/ff_plus_plus/224x224/real/train_334_f1245.jpg,0,real,224
data/ff_plus_plus/224x224/real/test_035_f72.jpg,0,real,224
data/ff_plus_plus/224x224/real/train_122_f180.jpg,0,real,224
data/ff_plus_plus/224x224/fake/deepfakes/test_412_274_f255.jpg,1,deepfakes,224
data/ff_plus_plus/224x224/fake/faceswap/train_110_043_f476.jpg,1,faceswap,224
data/ff_plus_plus/224x224/real/train_295_f268.jpg,0,real,224
data/ff_plus_plus/224x224/real/test_786_f178.jpg,0,real,224
data/ff_plus_plus/224x224/real/val_507_f145.jpg,0,real,224
data/ff_plus_plus/224x224/real/test_552_f41.jpg,0,real,224
data/ff_plus_plus/224x224/real/test_622_f370.jpg,0,real,224
data/ff_plus_plus/224x224/real/train_258_f462.jpg,0,real,224
data/ff_plus_plus/224x224/real/test_588_f505.jpg,0,real,224
data/ff_plus_plus/224x224/fake/neuraltextures/val_756_503_f470.jpg,1,neuraltextures,224
data/ff_plus_plus/224x224/fake/faceswap/train_048_029_f400.jpg,1,faceswap,224
data/ff_plus_plus/224x224/fake/neuraltextures/test_622_647_f204.jpg,1,neuraltextures,224
data/ff_plus_plus/224x224/real/val_248_f17.jpg,0,real,224
data/ff_plus_plus/224x224/real/train_318_f310.jpg,0,real,224
data/ff_plus_plus/224x224/fake/deepfakes/test_554_572_f598.jpg,1,deepfakes,224
data/ff_plus_plus/224x224/fake/neuraltextures/train_067_025_f370.jpg,1,neuraltextures,224
data/ff_plus_plus/224x224/fake/neuraltextures/train_109_107_f163.jpg,1,neuraltextures,224
data/ff_plus_plus/224x224/real/test_049_f86.jpg,0,real,224
data/ff_plus_plus/224x224/fake/face2face/val_473_366_f319.jpg,1,face2face,224
data/ff_plus_plus/224x224/real/val_747_f64.jpg,0,real,224
data/ff_plus_plus/224x224/real/test_700_f91.jpg,0,real,224
data/ff_plus_plus/224x224/real/train_229_f323.jpg,0,real,224
data/ff_plus_plus/224x224/real/train_377_f164.jpg,0,real,224
data/ff_plus_plus/224x224/fake/faceswap/val_781_806_f279.jpg,1,faceswap,224
data/ff_plus_plus/224x224/fake/faceswap/train_102_114_f40.jpg,1,faceswap,224
data/ff_plus_plus/224x224/real/val_119_f0.jpg,0,real,224
data/ff_plus_plus/224x224/fake/face2face/test_163_031_f149.jpg,1,face2face,224
data/ff_plus_plus/224x224/real/val_130_f0.jpg,0,real,224
data/ff_plus_plus/224x224/real/val_905_f341.jpg,0,real,224
data/ff_plus_plus/224x224/real/test_868_f163.jpg,0,real,224
data/ff_plus_plus/224x224/fake/neuraltextures/test_786_819_f125.jpg,1,neuraltextures,224
data/ff_plus_plus/224x224/real/train_204_f70.jpg,0,real,224
data/ff_plus_plus/224x224/fake/deepfakes/test_678_460_f343.jpg,1,deepfakes,224
data/ff_plus_plus/224x224/real/test_077_f63.jpg,0,real,224
data/ff_plus_plus/224x224/real/train_110_f252.jpg,0,real,224
data/ff_plus_plus/224x224/fake/deepfakes/val_383_353_f176.jpg,1,deepfakes,224
data/ff_plus_plus/224x224/real/test_574_f471.jpg,0,real,224
data/ff_plus_plus/224x224/fake/faceswap/train_011_805_f0.jpg,1,faceswap,224
data/ff_plus_plus/224x224/fake/deepfakes/train_365_307_f190.jpg,1,deepfakes,224
data/ff_plus_plus/224x224/fake/faceswap/train_096_101_f485.jpg,1,faceswap,224
data/ff_plus_plus/224x224/real/train_183_f335.jpg,0,real,224
data/ff_plus_plus/224x224/real/train_264_f438.jpg,0,real,224
data/ff_plus_plus/224x224/real/train_133_f237.jpg,0,real,224
data/ff_plus_plus/224x224/fake/face2face/val_031_163_f0.jpg,1,face2face,224
data/ff_plus_plus/224x224/real/train_381_f198.jpg,0,real,224
data/ff_plus_plus/224x224/real/val_630_f349.jpg,0,real,224
data/ff_plus_plus/224x224/real/train_165_f212.jpg,0,real,224
data/ff_plus_plus/224x224/fake/neuraltextures/train_305_513_f136.jpg,1,neuraltextures,224
data/ff_plus_plus/224x224/fake/neuraltextures/train_274_412_f407.jpg,1,neuraltextures,224
data/ff_plus_plus/224x224/fake/faceswap/train_090_086_f638.jpg,1,faceswap,224
data/ff_plus_plus/224x224/fake/deepfakes/test_040_997_f94.jpg,1,deepfakes,224
data/ff_plus_plus/224x224/real/val_737_f63.jpg,0,real,224
data/ff_plus_plus/224x224/real/train_389_f151.jpg,0,real,224
data/ff_plus_plus/224x224/real/val_756_f294.jpg,0,real,224
data/ff_plus_plus/224x224/fake/neuraltextures/train_207_908_f11.jpg,1,neuraltextures,224
data/ff_plus_plus/224x224/real/val_492_f119.jpg,0,real,224
data/ff_plus_plus/224x224/real/test_052_f88.jpg,0,real,224
data/ff_plus_plus/224x224/real/train_043_f374.jpg,0,real,224
data/ff_plus_plus/224x224/fake/deepfakes/train_060_088_f494.jpg,1,deepfakes,224
data/ff_plus_plus/224x224/real/val_579_f16.jpg,0,real,224
data/ff_plus_plus/224x224/real/val_846_f291.jpg,0,real,224
data/ff_plus_plus/224x224/real/val_468_f123.jpg,0,real,224
data/ff_plus_plus/224x224/fake/faceswap/test_816_649_f410.jpg,1,faceswap,224
data/ff_plus_plus/224x224/fake/neuraltextures/train_300_304_f144.jpg,1,neuraltextures,224
data/ff_plus_plus/224x224/real/train_335_f158.jpg,0,real,224
data/ff_plus_plus/224x224/fake/deepfakes/train_296_293_f103.jpg,1,deepfakes,224
data/ff_plus_plus/224x224/fake/neuraltextures/train_201_203_f122.jpg,1,neuraltextures,224
data/ff_plus_plus/224x224/fake/deepfakes/train_234_187_f72.jpg,1,deepfakes,224
data/ff_plus_plus/224x224/fake/deepfakes/val_075_977_f0.jpg,1,deepfakes,224
data/ff_plus_plus/224x224/fake/deepfakes/test_928_160_f310.jpg,1,deepfakes,224
data/ff_plus_plus/224x224/fake/deepfakes/train_326_501_f188.jpg,1,deepfakes,224
data/ff_plus_plus/224x224/fake/face2face/train_329_327_f119.jpg,1,face2face,224
data/ff_plus_plus/224x224/real/val_625_f125.jpg,0,real,224
data/ff_plus_plus/224x224/real/val_660_f70.jpg,0,real,224
data/ff_plus_plus/224x224/real/train_167_f199.jpg,0,real,224
data/ff_plus_plus/224x224/real/train_365_f317.jpg,0,real,224
data/ff_plus_plus/224x224/fake/face2face/val_383_353_f283.jpg,1,face2face,224
data/ff_plus_plus/224x224/real/train_134_f154.jpg,0,real,224
data/ff_plus_plus/224x224/real/test_556_f371.jpg,0,real,224
data/ff_plus_plus/224x224/real/train_030_f142.jpg,0,real,224
data/ff_plus_plus/224x224/real/train_287_f294.jpg,0,real,224
data/ff_plus_plus/224x224/fake/face2face/test_100_077_f105.jpg,1,face2face,224
data/ff_plus_plus/224x224/fake/faceswap/test_749_659_f620.jpg,1,faceswap,224
data/ff_plus_plus/224x224/fake/deepfakes/test_161_141_f190.jpg,1,deepfakes,224
data/ff_plus_plus/224x224/real/train_351_f518.jpg,0,real,224
data/ff_plus_plus/224x224/real/val_874_f403.jpg,0,real,224
data/ff_plus_plus/224x224/fake/face2face/train_355_748_f273.jpg,1,face2face,224
data/ff_plus_plus/224x224/real/train_010_f0.jpg,0,real,224
data/ff_plus_plus/224x224/fake/face2face/train_304_300_f391.jpg,1,face2face,224
data/ff_plus_plus/224x224/real/train_301_f394.jpg,0,real,224
data/ff_plus_plus/224x224/fake/face2face/val_194_235_f0.jpg,1,face2face,224
data/ff_plus_plus/224x224/fake/face2face/test_118_120_f111.jpg,1,face2face,224
data/ff_plus_plus/224x224/real/test_003_f0.jpg,0,real,224
data/ff_plus_plus/224x224/real/train_307_f26.jpg,0,real,224
data/ff_plus_plus/224x224/fake/face2face/train_323_302_f150.jpg,1,face2face,224
data/ff_plus_plus/224x224/fake/deepfakes/train_098_092_f143.jpg,1,deepfakes,224
data/ff_plus_plus/224x224/fake/faceswap/val_891_876_f274.jpg,1,faceswap,224
data/ff_plus_plus/224x224/fake/deepfakes/train_001_870_f0.jpg,1,deepfakes,224
data/ff_plus_plus/224x224/real/val_814_f397.jpg,0,real,224
data/ff_plus_plus/224x224/real/val_344_f152.jpg,0,real,224
data/ff_plus_plus/224x224/real/train_069_f26.jpg,0,real,224
data/ff_plus_plus/224x224/real/test_947_f242.jpg,0,real,224
data/ff_plus_plus/224x224/real/val_208_f416.jpg,0,real,224
data/ff_plus_plus/224x224/real/val_460_f132.jpg,0,real,224
data/ff_plus_plus/224x224/fake/deepfakes/train_129_127_f158.jpg,1,deepfakes,224
data/ff_plus_plus/224x224/fake/neuraltextures/test_914_899_f116.jpg,1,neuraltextures,224
data/ff_plus_plus/224x224/real/test_653_f629.jpg,0,real,224
data/ff_plus_plus/224x224/fake/neuraltextures/train_232_248_f375.jpg,1,neuraltextures,224
data/ff_plus_plus/224x224/real/train_086_f32.jpg,0,real,224
data/ff_plus_plus/224x224/real/train_240_f790.jpg,0,real,224
data/ff_plus_plus/224x224/fake/neuraltextures/test_642_635_f315.jpg,1,neuraltextures,224
data/ff_plus_plus/224x224/real/test_495_f138.jpg,0,real,224
data/ff_plus_plus/224x224/real/train_265_f513.jpg,0,real,224
data/ff_plus_plus/224x224/real/train_005_f0.jpg,0,real,224
data/ff_plus_plus/224x224/real/train_285_f250.jpg,0,real,224
data/ff_plus_plus/224x224/real/val_472_f148.jpg,0,real,224
data/ff_plus_plus/224x224/real/train_323_f31.jpg,0,real,224
data/ff_plus_plus/224x224/real/train_026_f154.jpg,0,real,224
data/ff_plus_plus/224x224/real/val_469_f14.jpg,0,real,224
data/ff_plus_plus/224x224/fake/deepfakes/train_320_328_f86.jpg,1,deepfakes,224
data/ff_plus_plus/224x224/real/train_013_f0.jpg,0,real,224
data/ff_plus_plus/224x224/real/val_634_f69.jpg,0,real,224
data/ff_plus_plus/224x224/real/train_059_f645.jpg,0,real,224
data/ff_plus_plus/224x224/real/test_185_f361.jpg,0,real,224
data/ff_plus_plus/224x224/fake/faceswap/test_659_749_f47.jpg,1,faceswap,224
data/ff_plus_plus/224x224/real/train_103_f245.jpg,0,real,224
data/ff_plus_plus/224x224/real/val_186_f0.jpg,0,real,224
data/ff_plus_plus/224x224/fake/faceswap/val_370_483_f283.jpg,1,faceswap,224
data/ff_plus_plus/224x224/real/train_066_f179.jpg,0,real,224
data/ff_plus_plus/224x224/fake/face2face/train_316_369_f66.jpg,1,face2face,224
data/ff_plus_plus/224x224/real/train_020_f160.jpg,0,real,224
data/ff_plus_plus/224x224/real/train_070_f164.jpg,0,real,224
data/ff_plus_plus/224x224/real/test_050_f72.jpg,0,real,224
data/ff_plus_plus/224x224/fake/face2face/val_846_845_f195.jpg,1,face2face,224
data/ff_plus_plus/224x224/real/val_822_f255.jpg,0,real,224
data/ff_plus_plus/224x224/real/test_511_f780.jpg,0,real,224
data/ff_plus_plus/224x224/fake/neuraltextures/train_026_012_f0.jpg,1,neuraltextures,224
data/ff_plus_plus/224x224/fake/faceswap/train_207_908_f130.jpg,1,faceswap,224
data/ff_plus_plus/224x224/real/train_182_f448.jpg,0,real,224
data/ff_plus_plus/224x224/real/train_027_f151.jpg,0,real,224
data/ff_plus_plus/224x224/fake/faceswap/train_065_089_f441.jpg,1,faceswap,224
data/ff_plus_plus/224x224/real/train_175_f104.jpg,0,real,224
data/ff_plus_plus/224x224/real/train_147_f298.jpg,0,real,224
data/ff_plus_plus/224x224/fake/neuraltextures/train_114_102_f66.jpg,1,neuraltextures,224
data/ff_plus_plus/224x224/fake/deepfakes/test_003_000_f0.jpg,1,deepfakes,224
data/ff_plus_plus/224x224/real/train_009_f0.jpg,0,real,224
data/ff_plus_plus/224x224/fake/neuraltextures/val_747_854_f202.jpg,1,neuraltextures,224
data/ff_plus_plus/224x224/fake/faceswap/test_699_734_f396.jpg,1,faceswap,224
data/ff_plus_plus/224x224/real/train_091_f264.jpg,0,real,224
data/ff_plus_plus/224x224/real/test_303_f353.jpg,0,real,224
data/ff_plus_plus/224x224/fake/face2face/train_258_246_f136.jpg,1,face2face,224
data/ff_plus_plus/224x224/real/test_785_f170.jpg,0,real,224
data/ff_plus_plus/224x224/fake/deepfakes/train_376_381_f141.jpg,1,deepfakes,224
data/ff_plus_plus/224x224/real/test_410_f236.jpg,0,real,224
data/ff_plus_plus/224x224/real/val_346_f190.jpg,0,real,224
data/ff_plus_plus/224x224/real/val_585_f135.jpg,0,real,224
data/ff_plus_plus/224x224/fake/faceswap/test_193_030_f40.jpg,1,faceswap,224
data/ff_plus_plus/224x224/fake/neuraltextures/val_924_917_f447.jpg,1,neuraltextures,224
data/ff_plus_plus/224x224/real/test_161_f203.jpg,0,real,224
data/ff_plus_plus/224x224/real/val_753_f307.jpg,0,real,224
data/ff_plus_plus/224x224/fake/deepfakes/train_048_029_f233.jpg,1,deepfakes,224
data/ff_plus_plus/224x224/fake/deepfakes/test_952_882_f650.jpg,1,deepfakes,224
data/ff_plus_plus/224x224/fake/deepfakes/val_811_920_f242.jpg,1,deepfakes,224
data/ff_plus_plus/224x224/fake/face2face/train_246_258_f137.jpg,1,face2face,224
data/ff_plus_plus/224x224/fake/neuraltextures/train_134_192_f138.jpg,1,neuraltextures,224
data/ff_plus_plus/224x224/real/train_341_f598.jpg,0,real,224
data/ff_plus_plus/224x224/real/test_387_f36.jpg,0,real,224
data/ff_plus_plus/224x224/fake/deepfakes/test_185_276_f331.jpg,1,deepfakes,224
data/ff_plus_plus/224x224/fake/deepfakes/test_459_430_f54.jpg,1,deepfakes,224
data/ff_plus_plus/224x224/fake/neuraltextures/train_093_121_f169.jpg,1,neuraltextures,224
data/ff_plus_plus/224x224/fake/faceswap/test_931_936_f112.jpg,1,faceswap,224
data/ff_plus_plus/224x224/real/train_227_f348.jpg,0,real,224
data/ff_plus_plus/224x224/fake/faceswap/train_230_204_f102.jpg,1,faceswap,224
data/ff_plus_plus/224x224/fake/face2face/train_350_349_f356.jpg,1,face2face,224
data/ff_plus_plus/224x224/fake/face2face/train_168_222_f84.jpg,1,face2face,224
data/ff_plus_plus/224x224/fake/faceswap/train_320_328_f208.jpg,1,faceswap,224
data/ff_plus_plus/224x224/fake/deepfakes/test_513_305_f442.jpg,1,deepfakes,224
data/ff_plus_plus/224x224/real/val_621_f127.jpg,0,real,224
data/ff_plus_plus/224x224/real/test_127_f357.jpg,0,real,224
data/ff_plus_plus/224x224/fake/face2face/train_386_154_f388.jpg,1,face2face,224
data/ff_plus_plus/224x224/real/val_859_f274.jpg,0,real,224
data/ff_plus_plus/224x224/fake/deepfakes/train_240_290_f921.jpg,1,deepfakes,224
data/ff_plus_plus/224x224/real/val_521_f114.jpg,0,real,224
data/ff_plus_plus/224x224/real/train_396_f216.jpg,0,real,224
data/ff_plus_plus/224x224/real/test_608_f83.jpg,0,real,224
data/ff_plus_plus/224x224/real/test_436_f303.jpg,0,real,224
data/ff_plus_plus/224x224/fake/face2face/test_397_602_f22.jpg,1,face2face,224
data/ff_plus_plus/224x224/real/train_236_f582.jpg,0,real,224
data/ff_plus_plus/224x224/real/train_256_f507.jpg,0,real,224
data/ff_plus_plus/224x224/real/train_384_f174.jpg,0,real,224
data/ff_plus_plus/224x224/real/train_369_f154.jpg,0,real,224
data/ff_plus_plus/224x224/real/val_667_f64.jpg,0,real,224
data/ff_plus_plus/224x224/real/train_246_f460.jpg,0,real,224
data/ff_plus_plus/224x224/real/test_087_f95.jpg,0,real,224
data/ff_plus_plus/224x224/real/train_088_f228.jpg,0,real,224
data/ff_plus_plus/224x224/real/val_006_f0.jpg,0,real,224
data/ff_plus_plus/224x224/fake/neuraltextures/test_191_188_f127.jpg,1,neuraltextures,224
data/ff_plus_plus/224x224/fake/deepfakes/val_737_719_f342.jpg,1,deepfakes,224
data/ff_plus_plus/224x224/real/train_154_f265.jpg,0,real,224
data/ff_plus_plus/224x224/fake/deepfakes/train_265_475_f0.jpg,1,deepfakes,224
data/ff_plus_plus/224x224/fake/neuraltextures/val_119_123_f0.jpg,1,neuraltextures,224
data/ff_plus_plus/224x224/fake/face2face/test_818_820_f68.jpg,1,face2face,224
data/ff_plus_plus/224x224/fake/deepfakes/train_085_124_f79.jpg,1,deepfakes,224
data/ff_plus_plus/224x224/fake/deepfakes/train_331_260_f48.jpg,1,deepfakes,224
data/ff_plus_plus/224x224/fake/face2face/test_252_266_f144.jpg,1,face2face,224
data/ff_plus_plus/224x224/real/train_079_f175.jpg,0,real,224
data/ff_plus_plus/224x224/fake/face2face/train_056_996_f300.jpg,1,face2face,224
data/ff_plus_plus/224x224/fake/face2face/train_103_082_f162.jpg,1,face2face,224
data/ff_plus_plus/224x224/fake/deepfakes/train_354_362_f221.jpg,1,deepfakes,224
data/ff_plus_plus/224x224/fake/faceswap/val_909_857_f482.jpg,1,faceswap,224
data/ff_plus_plus/224x224/real/val_206_f0.jpg,0,real,224
data/ff_plus_plus/224x224/real/train_058_f598.jpg,0,real,224
data/ff_plus_plus/224x224/real/train_201_f862.jpg,0,real,224
data/ff_plus_plus/224x224/fake/face2face/test_272_396_f198.jpg,1,face2face,224
data/ff_plus_plus/224x224/fake/neuraltextures/test_349_350_f41.jpg,1,neuraltextures,224
data/ff_plus_plus/224x224/fake/face2face/train_081_087_f127.jpg,1,face2face,224
data/ff_plus_plus/224x224/real/val_072_f0.jpg,0,real,224
data/ff_plus_plus/224x224/real/val_380_f140.jpg,0,real,224
data/ff_plus_plus/224x224/real/test_513_f51.jpg,0,real,224
data/ff_plus_plus/224x224/real/test_821_f160.jpg,0,real,224
data/ff_plus_plus/224x224/fake/deepfakes/val_206_221_f0.jpg,1,deepfakes,224
data/ff_plus_plus/224x224/fake/neuraltextures/train_386_154_f417.jpg,1,neuraltextures,224
data/ff_plus_plus/224x224/real/val_194_f0.jpg,0,real,224
data/ff_plus_plus/224x224/real/test_742_f171.jpg,0,real,224
data/ff_plus_plus/224x224/real/test_834_f145.jpg,0,real,224
data/ff_plus_plus/224x224/real/val_447_f11.jpg,0,real,224
data/ff_plus_plus/224x224/fake/deepfakes/test_731_741_f348.jpg,1,deepfakes,224
data/ff_plus_plus/224x224/real/val_673_f591.jpg,0,real,224
data/ff_plus_plus/224x224/real/val_370_f122.jpg,0,real,224
data/ff_plus_plus/224x224/real/test_659_f793.jpg,0,real,224
data/ff_plus_plus/224x224/fake/neuraltextures/train_168_222_f168.jpg,1,neuraltextures,224
data/ff_plus_plus/224x224/real/test_645_f514.jpg,0,real,224
data/ff_plus_plus/224x224/real/train_339_f377.jpg,0,real,224
data/ff_plus_plus/224x224/fake/neuraltextures/val_673_728_f332.jpg,1,neuraltextures,224
data/ff_plus_plus/224x224/fake/neuraltextures/train_101_096_f208.jpg,1,neuraltextures,224
data/ff_plus_plus/224x224/fake/neuraltextures/train_192_134_f118.jpg,1,neuraltextures,224
data/ff_plus_plus/224x224/fake/deepfakes/val_462_467_f201.jpg,1,deepfakes,224
data/ff_plus_plus/224x224/fake/deepfakes/val_044_945_f0.jpg,1,deepfakes,224
data/ff_plus_plus/224x224/fake/deepfakes/val_621_546_f127.jpg,1,deepfakes,224
data/ff_plus_plus/224x224/real/test_678_f399.jpg,0,real,224
data/ff_plus_plus/224x224/real/test_082_f97.jpg,0,real,224
data/ff_plus_plus/224x224/real/val_217_f96.jpg,0,real,224
data/ff_plus_plus/224x224/fake/deepfakes/train_009_027_f0.jpg,1,deepfakes,224
data/ff_plus_plus/224x224/real/test_310_f25.jpg,0,real,224
data/ff_plus_plus/224x224/real/test_308_f310.jpg,0,real,224
data/ff_plus_plus/224x224/real/train_328_f252.jpg,0,real,224
data/ff_plus_plus/224x224/real/train_064_f179.jpg,0,real,224
data/ff_plus_plus/224x224/real/val_936_f71.jpg,0,real,224
data/ff_plus_plus/224x224/fake/neuraltextures/test_071_054_f113.jpg,1,neuraltextures,224
data/ff_plus_plus/224x224/fake/deepfakes/val_190_176_f0.jpg,1,deepfakes,224
data/ff_plus_plus/224x224/fake/faceswap/test_164_216_f458.jpg,1,faceswap,224
data/ff_plus_plus/224x224/real/test_716_f86.jpg,0,real,224
data/ff_plus_plus/224x224/real/val_476_f117.jpg,0,real,224
data/ff_plus_plus/224x224/real/train_083_f206.jpg,0,real,224
data/ff_plus_plus/224x224/real/val_601_f125.jpg,0,real,224
data/ff_plus_plus/224x224/real/val_425_f115.jpg,0,real,224
data/ff_plus_plus/224x224/fake/faceswap/val_840_800_f302.jpg,1,faceswap,224
data/ff_plus_plus/224x224/fake/neuraltextures/test_252_266_f16.jpg,1,neuraltextures,224
data/ff_plus_plus/224x224/fake/face2face/train_149_152_f64.jpg,1,face2face,224
data/ff_plus_plus/224x224/real/train_081_f161.jpg,0,real,224
data/ff_plus_plus/224x224/real/val_210_f86.jpg,0,real,224
data/ff_plus_plus/224x224/fake/neuraltextures/train_030_193_f61.jpg,1,neuraltextures,224
data/ff_plus_plus/224x224/fake/faceswap/train_069_961_f55.jpg,1,faceswap,224
data/ff_plus_plus/224x224/fake/neuraltextures/train_377_333_f383.jpg,1,neuraltextures,224
data/ff_plus_plus/224x224/fake/face2face/train_182_242_f227.jpg,1,face2face,224
data/ff_plus_plus/224x224/real/val_148_f0.jpg,0,real,224
data/ff_plus_plus/224x224/fake/neuraltextures/train_350_349_f55.jpg,1,neuraltextures,224
data/ff_plus_plus/224x224/fake/faceswap/test_052_108_f92.jpg,1,faceswap,224
data/ff_plus_plus/224x224/real/train_218_f303.jpg,0,real,224
data/ff_plus_plus/224x224/fake/deepfakes/train_041_063_f204.jpg,1,deepfakes,224
data/ff_plus_plus/224x224/real/train_336_f279.jpg,0,real,224
data/ff_plus_plus/224x224/real/test_108_f92.jpg,0,real,224
data/ff_plus_plus/224x224/real/train_320_f346.jpg,0,real,224
data/ff_plus_plus/224x224/fake/faceswap/test_253_183_f389.jpg,1,faceswap,224
data/ff_plus_plus/224x224/real/train_151_f202.jpg,0,real,224
data/ff_plus_plus/224x224/real/train_084_f167.jpg,0,real,224
data/ff_plus_plus/224x224/fake/neuraltextures/val_535_587_f323.jpg,1,neuraltextures,224
data/ff_plus_plus/224x224/real/test_152_f193.jpg,0,real,224
data/ff_plus_plus/224x224/real/train_376_f177.jpg,0,real,224
data/ff_plus_plus/224x224/fake/face2face/train_060_088_f526.jpg,1,face2face,224
data/ff_plus_plus/224x224/fake/faceswap/val_602_397_f244.jpg,1,faceswap,224
data/ff_plus_plus/224x224/real/train_347_f378.jpg,0,real,224
data/ff_plus_plus/224x224/real/val_512_f154.jpg,0,real,224
data/ff_plus_plus/224x224/fake/deepfakes/train_123_119_f194.jpg,1,deepfakes,224
data/ff_plus_plus/224x224/fake/faceswap/train_326_501_f251.jpg,1,faceswap,224
data/ff_plus_plus/224x224/real/train_121_f247.jpg,0,real,224
data/ff_plus_plus/224x224/fake/face2face/test_144_122_f116.jpg,1,face2face,224
data/ff_plus_plus/224x224/real/test_668_f397.jpg,0,real,224
data/ff_plus_plus/224x224/fake/deepfakes/train_174_964_f156.jpg,1,deepfakes,224
data/ff_plus_plus/224x224/real/test_479_f117.jpg,0,real,224
data/ff_plus_plus/224x224/fake/deepfakes/val_909_857_f350.jpg,1,deepfakes,224
data/ff_plus_plus/224x224/real/train_255_f452.jpg,0,real,224
data/ff_plus_plus/224x224/fake/faceswap/val_076_079_f214.jpg,1,faceswap,224
data/ff_plus_plus/224x224/real/val_525_f142.jpg,0,real,224
data/ff_plus_plus/224x224/real/train_041_f300.jpg,0,real,224
data/ff_plus_plus/224x224/real/test_516_f73.jpg,0,real,224
data/ff_plus_plus/224x224/fake/face2face/val_462_467_f320.jpg,1,face2face,224
data/ff_plus_plus/224x224/real/val_619_f125.jpg,0,real,224
data/ff_plus_plus/224x224/real/train_096_f225.jpg,0,real,224
data/ff_plus_plus/224x224/real/train_235_f42.jpg,0,real,224
data/ff_plus_plus/224x224/real/train_179_f303.jpg,0,real,224
data/ff_plus_plus/224x224/real/val_885_f305.jpg,0,real,224
data/ff_plus_plus/224x224/real/test_863_f176.jpg,0,real,224
data/ff_plus_plus/224x224/fake/neuraltextures/train_255_214_f63.jpg,1,neuraltextures,224
data/ff_plus_plus/224x224/fake/deepfakes/test_374_407_f20.jpg,1,deepfakes,224
data/ff_plus_plus/224x224/fake/faceswap/train_275_887_f174.jpg,1,faceswap,224
data/ff_plus_plus/224x224/fake/deepfakes/train_398_457_f20.jpg,1,deepfakes,224
data/ff_plus_plus/224x224/real/test_952_f265.jpg,0,real,224
data/ff_plus_plus/224x224/real/test_860_f173.jpg,0,real,224
data/ff_plus_plus/224x224/real/val_789_f409.jpg,0,real,224
data/ff_plus_plus/224x224/fake/face2face/train_240_290_f377.jpg,1,face2face,224
data/ff_plus_plus/224x224/real/test_412_f275.jpg,0,real,224
data/ff_plus_plus/224x224/fake/faceswap/val_660_634_f232.jpg,1,faceswap,224
data/ff_plus_plus/224x224/fake/neuraltextures/train_041_063_f336.jpg,1,neuraltextures,224
data/ff_plus_plus/224x224/real/val_023_f0.jpg,0,real,224
data/ff_plus_plus/224x224/real/train_232_f434.jpg,0,real,224
data/ff_plus_plus/224x224/real/test_352_f260.jpg,0,real,224
data/ff_plus_plus/224x224/real/train_359_f376.jpg,0,real,224
data/ff_plus_plus/224x224/real/train_109_f174.jpg,0,real,224
data/ff_plus_plus/224x224/fake/neuraltextures/val_963_879_f691.jpg,1,neuraltextures,224
data/ff_plus_plus/224x224/fake/faceswap/train_331_260_f197.jpg,1,faceswap,224
data/ff_plus_plus/224x224/fake/face2face/val_602_397_f280.jpg,1,face2face,224
data/ff_plus_plus/224x224/real/train_226_f281.jpg,0,real,224
data/ff_plus_plus/224x224/real/val_589_f188.jpg,0,real,224
data/ff_plus_plus/224x224/fake/face2face/train_117_217_f265.jpg,1,face2face,224
data/ff_plus_plus/224x224/real/train_289_f328.jpg,0,real,224
data/ff_plus_plus/224x224/real/train_350_f348.jpg,0,real,224
data/ff_plus_plus/224x224/fake/neuraltextures/train_422_695_f42.jpg,1,neuraltextures,224
data/ff_plus_plus/224x224/real/train_034_f168.jpg,0,real,224
data/ff_plus_plus/224x224/real/test_935_f223.jpg,0,real,224
data/ff_plus_plus/224x224/fake/faceswap/train_027_009_f173.jpg,1,faceswap,224
data/ff_plus_plus/224x224/real/test_385_f24.jpg,0,real,224
data/ff_plus_plus/224x224/real/train_367_f22.jpg,0,real,224
data/ff_plus_plus/224x224/fake/neuraltextures/train_141_161_f126.jpg,1,neuraltextures,224
data/ff_plus_plus/224x224/real/train_024_f147.jpg,0,real,224
data/ff_plus_plus/224x224/real/val_775_f327.jpg,0,real,224
data/ff_plus_plus/224x224/real/val_291_f113.jpg,0,real,224
data/ff_plus_plus/224x224/fake/face2face/test_014_790_f118.jpg,1,face2face,224
data/ff_plus_plus/224x224/real/train_314_f213.jpg,0,real,224
data/ff_plus_plus/224x224/real/test_136_f273.jpg,0,real,224
data/ff_plus_plus/224x224/fake/faceswap/train_177_211_f84.jpg,1,faceswap,224
data/ff_plus_plus/224x224/fake/faceswap/train_056_996_f42.jpg,1,faceswap,224
data/ff_plus_plus/224x224/fake/faceswap/train_172_582_f74.jpg,1,faceswap,224
data/ff_plus_plus/224x224/real/val_363_f130.jpg,0,real,224
data/ff_plus_plus/224x224/fake/deepfakes/train_030_193_f234.jpg,1,deepfakes,224
data/ff_plus_plus/224x224/fake/deepfakes/val_870_001_f249.jpg,1,deepfakes,224
data/ff_plus_plus/224x224/real/test_277_f499.jpg,0,real,224
data/ff_plus_plus/224x224/real/train_078_f198.jpg,0,real,224
data/ff_plus_plus/224x224/real/train_196_f43.jpg,0,real,224
data/ff_plus_plus/224x224/fake/faceswap/train_299_145_f151.jpg,1,faceswap,224
data/ff_plus_plus/224x224/fake/face2face/train_066_062_f14.jpg,1,face2face,224
data/ff_plus_plus/224x224/fake/faceswap/test_127_129_f34.jpg,1,faceswap,224
data/ff_plus_plus/224x224/fake/faceswap/val_515_519_f620.jpg,1,faceswap,224
data/ff_plus_plus/224x224/real/train_042_f290.jpg,0,real,224
data/ff_plus_plus/224x224/real/train_260_f41.jpg,0,real,224
data/ff_plus_plus/224x224/fake/deepfakes/val_370_483_f149.jpg,1,deepfakes,224
data/ff_plus_plus/224x224/fake/deepfakes/train_246_258_f85.jpg,1,deepfakes,224
data/ff_plus_plus/224x224/fake/face2face/val_795_907_f234.jpg,1,face2face,224
data/ff_plus_plus/224x224/real/test_115_f99.jpg,0,real,224
data/ff_plus_plus/224x224/real/train_000_f0.jpg,0,real,224
data/ff_plus_plus/224x224/real/train_317_f375.jpg,0,real,224
data/ff_plus_plus/224x224/real/train_213_f312.jpg,0,real,224
data/ff_plus_plus/224x224/fake/face2face/train_002_006_f0.jpg,1,face2face,224
data/ff_plus_plus/224x224/fake/neuraltextures/train_406_391_f475.jpg,1,neuraltextures,224
data/ff_plus_plus/224x224/real/train_099_f253.jpg,0,real,224
data/ff_plus_plus/224x224/real/test_838_f172.jpg,0,real,224
data/ff_plus_plus/224x224/fake/deepfakes/val_753_789_f614.jpg,1,deepfakes,224
data/ff_plus_plus/224x224/fake/deepfakes/val_473_366_f296.jpg,1,deepfakes,224
data/ff_plus_plus/224x224/real/train_085_f158.jpg,0,real,224
data/ff_plus_plus/224x224/real/train_286_f368.jpg,0,real,224
data/ff_plus_plus/224x224/fake/faceswap/test_279_298_f137.jpg,1,faceswap,224
data/ff_plus_plus/224x224/fake/face2face/train_359_317_f469.jpg,1,face2face,224
data/ff_plus_plus/224x224/fake/face2face/val_210_241_f0.jpg,1,face2face,224
data/ff_plus_plus/224x224/fake/face2face/train_188_191_f51.jpg,1,face2face,224
data/ff_plus_plus/224x224/fake/neuraltextures/val_453_402_f305.jpg,1,neuraltextures,224
data/ff_plus_plus/224x224/fake/deepfakes/test_495_512_f59.jpg,1,deepfakes,224
data/ff_plus_plus/224x224/fake/neuraltextures/val_579_701_f243.jpg,1,neuraltextures,224
data/ff_plus_plus/224x224/real/test_349_f259.jpg,0,real,224
data/ff_plus_plus/224x224/fake/neuraltextures/train_020_344_f0.jpg,1,neuraltextures,224
data/ff_plus_plus/224x224/real/train_048_f367.jpg,0,real,224
data/ff_plus_plus/224x224/fake/faceswap/val_346_351_f402.jpg,1,faceswap,224
data/ff_plus_plus/224x224/real/train_068_f179.jpg,0,real,224
data/ff_plus_plus/224x224/real/test_113_f86.jpg,0,real,224
data/ff_plus_plus/224x224/fake/deepfakes/test_349_350_f178.jpg,1,deepfakes,224
data/ff_plus_plus/224x224/real/test_371_f395.jpg,0,real,224
data/ff_plus_plus/224x224/fake/neuraltextures/val_150_153_f109.jpg,1,neuraltextures,224
data/ff_plus_plus/224x224/fake/neuraltextures/train_236_237_f605.jpg,1,neuraltextures,224
data/ff_plus_plus/224x224/fake/deepfakes/test_439_441_f190.jpg,1,deepfakes,224
data/ff_plus_plus/224x224/fake/neuraltextures/train_320_328_f98.jpg,1,neuraltextures,224
data/ff_plus_plus/224x224/real/val_840_f57.jpg,0,real,224
data/ff_plus_plus/224x224/real/train_254_f411.jpg,0,real,224
data/ff_plus_plus/224x224/fake/face2face/val_046_904_f0.jpg,1,face2face,224
data/ff_plus_plus/224x224/fake/neuraltextures/test_087_081_f127.jpg,1,neuraltextures,224
data/ff_plus_plus/224x224/real/train_160_f257.jpg,0,real,224
data/ff_plus_plus/224x224/real/test_164_f351.jpg,0,real,224
data/ff_plus_plus/224x224/fake/neuraltextures/train_334_318_f147.jpg,1,neuraltextures,224
data/ff_plus_plus/224x224/real/val_557_f175.jpg,0,real,224
data/ff_plus_plus/224x224/fake/neuraltextures/train_311_387_f25.jpg,1,neuraltextures,224
data/ff_plus_plus/224x224/real/train_391_f188.jpg,0,real,224
data/ff_plus_plus/224x224/real/train_168_f296.jpg,0,real,224
data/ff_plus_plus/224x224/real/test_272_f22.jpg,0,real,224
data/ff_plus_plus/224x224/fake/neuraltextures/train_415_484_f43.jpg,1,neuraltextures,224
data/ff_plus_plus/224x224/real/val_046_f0.jpg,0,real,224
data/ff_plus_plus/224x224/real/val_770_f359.jpg,0,real,224
data/ff_plus_plus/224x224/fake/neuraltextures/val_006_002_f0.jpg,1,neuraltextures,224
data/ff_plus_plus/224x224/fake/faceswap/val_297_270_f10.jpg,1,faceswap,224
data/ff_plus_plus/224x224/fake/face2face/train_309_303_f452.jpg,1,face2face,224
data/ff_plus_plus/224x224/fake/faceswap/train_381_376_f17.jpg,1,faceswap,224
data/ff_plus_plus/224x224/real/train_106_f195.jpg,0,real,224
data/ff_plus_plus/224x224/fake/faceswap/val_438_434_f312.jpg,1,faceswap,224
data/ff_plus_plus/224x224/fake/faceswap/val_673_728_f351.jpg,1,faceswap,224
data/ff_plus_plus/224x224/fake/deepfakes/test_087_081_f95.jpg,1,deepfakes,224
data/ff_plus_plus/224x224/fake/neuraltextures/val_074_825_f0.jpg,1,neuraltextures,224
data/ff_plus_plus/224x224/fake/faceswap/train_309_303_f314.jpg,1,faceswap,224
data/ff_plus_plus/224x224/fake/deepfakes/train_313_283_f331.jpg,1,deepfakes,224
data/ff_plus_plus/224x224/fake/neuraltextures/val_037_072_f10.jpg,1,neuraltextures,224
data/ff_plus_plus/224x224/real/train_057_f415.jpg,0,real,224
data/ff_plus_plus/224x224/fake/neuraltextures/train_013_883_f0.jpg,1,neuraltextures,224
data/ff_plus_plus/224x224/real/train_039_f440.jpg,0,real,224
data/ff_plus_plus/224x224/fake/faceswap/train_122_144_f53.jpg,1,faceswap,224
data/ff_plus_plus/224x224/fake/neuraltextures/val_814_871_f299.jpg,1,neuraltextures,224
data/ff_plus_plus/224x224/fake/faceswap/test_152_149_f43.jpg,1,faceswap,224
data/ff_plus_plus/224x224/real/test_816_f169.jpg,0,real,224
data/ff_plus_plus/224x224/real/train_162_f306.jpg,0,real,224
data/ff_plus_plus/224x224/fake/face2face/train_212_179_f564.jpg,1,face2face,224
data/ff_plus_plus/224x224/real/test_731_f80.jpg,0,real,224
data/ff_plus_plus/224x224/real/val_462_f120.jpg,0,real,224
data/ff_plus_plus/224x224/real/val_457_f127.jpg,0,real,224
data/ff_plus_plus/224x224/fake/faceswap/test_016_209_f243.jpg,1,faceswap,224
data/ff_plus_plus/224x224/fake/deepfakes/train_358_380_f238.jpg,1,deepfakes,224
data/ff_plus_plus/224x224/fake/faceswap/test_878_866_f472.jpg,1,faceswap,224
data/ff_plus_plus/224x224/fake/face2face/train_098_092_f189.jpg,1,face2face,224
data/ff_plus_plus/224x224/real/test_878_f228.jpg,0,real,224
data/ff_plus_plus/224x224/real/test_397_f207.jpg,0,real,224
data/ff_plus_plus/224x224/real/train_038_f272.jpg,0,real,224
data/ff_plus_plus/224x224/real/val_338_f183.jpg,0,real,224
data/ff_plus_plus/224x224/fake/neuraltextures/train_267_286_f84.jpg,1,neuraltextures,224
data/ff_plus_plus/224x224/real/train_126_f11.jpg,0,real,224
data/ff_plus_plus/224x224/fake/face2face/train_010_005_f0.jpg,1,face2face,224
data/ff_plus_plus/224x224/fake/faceswap/val_047_862_f0.jpg,1,faceswap,224
data/ff_plus_plus/224x224/fake/faceswap/test_385_414_f12.jpg,1,faceswap,224
data/ff_plus_plus/224x224/real/test_071_f77.jpg,0,real,224
data/ff_plus_plus/224x224/fake/faceswap/train_167_166_f58.jpg,1,faceswap,224
data/ff_plus_plus/224x224/real/test_269_f212.jpg,0,real,224
data/ff_plus_plus/224x224/real/val_657_f56.jpg,0,real,224
data/ff_plus_plus/224x224/fake/face2face/test_738_804_f61.jpg,1,face2face,224
data/ff_plus_plus/224x224/real/train_211_f399.jpg,0,real,224
data/ff_plus_plus/224x224/real/train_288_f317.jpg,0,real,224
data/ff_plus_plus/224x224/fake/face2face/val_883_013_f182.jpg,1,face2face,224
data/ff_plus_plus/224x224/fake/deepfakes/train_260_331_f0.jpg,1,deepfakes,224
data/ff_plus_plus/224x224/fake/deepfakes/val_934_918_f272.jpg,1,deepfakes,224
data/ff_plus_plus/224x224/fake/face2face/val_503_756_f412.jpg,1,face2face,224
data/ff_plus_plus/224x224/fake/neuraltextures/test_508_831_f146.jpg,1,neuraltextures,224
data/ff_plus_plus/224x224/real/train_225_f271.jpg,0,real,224
data/ff_plus_plus/224x224/fake/deepfakes/val_589_565_f165.jpg,1,deepfakes,224
data/ff_plus_plus/224x224/real/train_275_f277.jpg,0,real,224
data/ff_plus_plus/224x224/real/val_394_f130.jpg,0,real,224
data/ff_plus_plus/224x224/real/train_036_f220.jpg,0,real,224
data/ff_plus_plus/224x224/fake/faceswap/train_041_063_f36.jpg,1,faceswap,224
data/ff_plus_plus/224x224/fake/face2face/test_436_526_f490.jpg,1,face2face,224
data/ff_plus_plus/224x224/fake/neuraltextures/test_446_667_f247.jpg,1,neuraltextures,224
data/ff_plus_plus/224x224/fake/deepfakes/train_117_217_f207.jpg,1,deepfakes,224
data/ff_plus_plus/224x224/fake/neuraltextures/test_385_414_f216.jpg,1,neuraltextures,224
data/ff_plus_plus/224x224/real/val_891_f284.jpg,0,real,224
data/ff_plus_plus/224x224/real/train_029_f157.jpg,0,real,224
data/ff_plus_plus/224x224/real/train_028_f164.jpg,0,real,224
data/ff_plus_plus/224x224/fake/face2face/val_137_165_f0.jpg,1,face2face,224
data/ff_plus_plus/224x224/fake/neuraltextures/train_174_964_f299.jpg,1,neuraltextures,224
data/ff_plus_plus/224x224/fake/face2face/val_691_732_f29.jpg,1,face2face,224
data/ff_plus_plus/224x224/fake/face2face/train_017_803_f163.jpg,1,face2face,224
data/ff_plus_plus/224x224/real/train_358_f422.jpg,0,real,224
data/ff_plus_plus/224x224/real/val_715_f825.jpg,0,real,224
data/ff_plus_plus/224x224/real/train_322_f236.jpg,0,real,224
data/ff_plus_plus/224x224/real/train_092_f221.jpg,0,real,224
data/ff_plus_plus/224x224/real/test_931_f142.jpg,0,real,224
data/ff_plus_plus/224x224/fake/faceswap/val_383_353_f283.jpg,1,faceswap,224
data/ff_plus_plus/224x224/fake/deepfakes/val_521_517_f198.jpg,1,deepfakes,224
data/ff_plus_plus/224x224/real/train_025_f231.jpg,0,real,224
data/ff_plus_plus/224x224/fake/neuraltextures/train_359_317_f47.jpg,1,neuraltextures,224
data/ff_plus_plus/224x224/real/train_111_f208.jpg,0,real,224
data/ff_plus_plus/224x224/fake/deepfakes/val_572_554_f119.jpg,1,deepfakes,224
data/ff_plus_plus/224x224/real/train_247_f398.jpg,0,real,224
data/ff_plus_plus/224x224/real/train_268_f504.jpg,0,real,224
data/ff_plus_plus/224x224/real/val_294_f145.jpg,0,real,224
data/ff_plus_plus/224x224/real/test_928_f142.jpg,0,real,224
data/ff_plus_plus/224x224/real/train_089_f284.jpg,0,real,224
data/ff_plus_plus/224x224/real/train_120_f208.jpg,0,real,224
data/ff_plus_plus/224x224/real/val_558_f220.jpg,0,real,224
data/ff_plus_plus/224x224/real/train_197_f848.jpg,0,real,224
data/ff_plus_plus/224x224/real/val_408_f115.jpg,0,real,224
data/ff_plus_plus/224x224/fake/neuraltextures/train_183_253_f268.jpg,1,neuraltextures,224
data/ff_plus_plus/224x224/fake/faceswap/test_439_441_f125.jpg,1,faceswap,224
data/ff_plus_plus/224x224/fake/neuraltextures/train_000_003_f0.jpg,1,neuraltextures,224
data/ff_plus_plus/224x224/fake/faceswap/train_336_338_f261.jpg,1,faceswap,224
data/ff_plus_plus/224x224/fake/neuraltextures/test_402_453_f218.jpg,1,neuraltextures,224
data/ff_plus_plus/224x224/real/train_002_f0.jpg,0,real,224
data/ff_plus_plus/224x224/fake/face2face/test_374_407_f312.jpg,1,face2face,224
data/ff_plus_plus/224x224/real/val_319_f172.jpg,0,real,224
data/ff_plus_plus/224x224/fake/faceswap/train_017_803_f163.jpg,1,faceswap,224
data/ff_plus_plus/224x224/fake/faceswap/test_564_971_f279.jpg,1,faceswap,224
data/ff_plus_plus/224x224/fake/face2face/val_583_558_f368.jpg,1,face2face,224
data/ff_plus_plus/224x224/fake/neuraltextures/train_048_029_f372.jpg,1,neuraltextures,224
data/ff_plus_plus/224x224/real/train_146_f345.jpg,0,real,224
data/ff_plus_plus/224x224/fake/face2face/test_449_451_f302.jpg,1,face2face,224
data/ff_plus_plus/224x224/fake/neuraltextures/train_063_041_f276.jpg,1,neuraltextures,224
data/ff_plus_plus/224x224/fake/faceswap/test_082_103_f97.jpg,1,faceswap,224
data/ff_plus_plus/224x224/fake/faceswap/train_159_175_f55.jpg,1,faceswap,224
data/ff_plus_plus/224x224/fake/neuraltextures/train_089_065_f197.jpg,1,neuraltextures,224
data/ff_plus_plus/224x224/fake/deepfakes/val_948_965_f298.jpg,1,deepfakes,224
data/ff_plus_plus/224x224/fake/faceswap/val_934_918_f337.jpg,1,faceswap,224
data/ff_plus_plus/224x224/fake/faceswap/test_308_388_f138.jpg,1,faceswap,224
data/ff_plus_plus/224x224/real/val_166_f0.jpg,0,real,224
data/ff_plus_plus/224x224/fake/neuraltextures/val_186_170_f45.jpg,1,neuraltextures,224
data/ff_plus_plus/224x224/fake/deepfakes/test_269_268_f239.jpg,1,deepfakes,224
data/ff_plus_plus/224x224/real/train_230_f307.jpg,0,real,224
data/ff_plus_plus/224x224/fake/faceswap/train_241_210_f10.jpg,1,faceswap,224
data/ff_plus_plus/224x224/real/val_583_f16.jpg,0,real,224
data/ff_plus_plus/224x224/real/val_934_f64.jpg,0,real,224
data/ff_plus_plus/224x224/real/test_818_f176.jpg,0,real,224
data/ff_plus_plus/224x224/fake/face2face/train_229_247_f274.jpg,1,face2face,224
data/ff_plus_plus/224x224/real/train_173_f124.jpg,0,real,224
data/ff_plus_plus/224x224/fake/faceswap/val_811_920_f318.jpg,1,faceswap,224
data/ff_plus_plus/224x224/fake/deepfakes/val_503_756_f324.jpg,1,deepfakes,224
data/ff_plus_plus/224x224/fake/face2face/train_091_116_f157.jpg,1,face2face,224
data/ff_plus_plus/224x224/real/val_044_f0.jpg,0,real,224
data/ff_plus_plus/224x224/fake/neuraltextures/val_482_465_f56.jpg,1,neuraltextures,224
data/ff_plus_plus/224x224/fake/faceswap/val_032_944_f0.jpg,1,faceswap,224
data/ff_plus_plus/224x224/real/train_174_f113.jpg,0,real,224
data/ff_plus_plus/224x224/fake/faceswap/train_022_489_f167.jpg,1,faceswap,224
data/ff_plus_plus/224x224/fake/face2face/train_123_119_f207.jpg,1,face2face,224
data/ff_plus_plus/224x224/real/train_309_f468.jpg,0,real,224
data/ff_plus_plus/224x224/fake/face2face/test_659_749_f548.jpg,1,face2face,224
data/ff_plus_plus/224x224/real/val_373_f145.jpg,0,real,224
data/ff_plus_plus/224x224/fake/neuraltextures/test_720_672_f204.jpg,1,neuraltextures,224
data/ff_plus_plus/224x224/fake/face2face/train_340_341_f56.jpg,1,face2face,224
data/ff_plus_plus/224x224/real/train_378_f235.jpg,0,real,224
data/ff_plus_plus/224x224/real/train_219_f300.jpg,0,real,224
data/ff_plus_plus/224x224/fake/face2face/val_822_244_f249.jpg,1,face2face,224
data/ff_plus_plus/224x224/fake/face2face/test_080_061_f0.jpg,1,face2face,224
data/ff_plus_plus/224x224/fake/face2face/test_191_188_f117.jpg,1,face2face,224
data/ff_plus_plus/224x224/real/train_251_f35.jpg,0,real,224
data/ff_plus_plus/224x224/real/val_074_f0.jpg,0,real,224
data/ff_plus_plus/224x224/real/val_150_f0.jpg,0,real,224
data/ff_plus_plus/224x224/real/train_159_f189.jpg,0,real,224
data/ff_plus_plus/224x224/fake/neuraltextures/train_328_320_f175.jpg,1,neuraltextures,224
data/ff_plus_plus/224x224/fake/faceswap/train_213_083_f143.jpg,1,faceswap,224
data/ff_plus_plus/224x224/real/val_781_f359.jpg,0,real,224
data/ff_plus_plus/224x224/real/train_357_f309.jpg,0,real,224
data/ff_plus_plus/224x224/fake/deepfakes/test_138_142_f211.jpg,1,deepfakes,224
data/ff_plus_plus/224x224/fake/face2face/test_412_274_f179.jpg,1,face2face,224
data/ff_plus_plus/224x224/fake/neuraltextures/val_660_634_f23.jpg,1,neuraltextures,224
data/ff_plus_plus/224x224/fake/neuraltextures/train_149_152_f107.jpg,1,neuraltextures,224
data/ff_plus_plus/224x224/fake/neuraltextures/test_988_966_f150.jpg,1,neuraltextures,224
data/ff_plus_plus/224x224/fake/deepfakes/val_840_800_f318.jpg,1,deepfakes,224
data/ff_plus_plus/224x224/fake/faceswap/val_460_678_f357.jpg,1,faceswap,224
data/ff_plus_plus/224x224/fake/faceswap/train_134_192_f78.jpg,1,faceswap,224
data/ff_plus_plus/224x224/fake/face2face/test_564_971_f316.jpg,1,face2face,224
data/ff_plus_plus/224x224/fake/faceswap/val_166_167_f222.jpg,1,faceswap,224
data/ff_plus_plus/224x224/fake/deepfakes/train_160_928_f147.jpg,1,deepfakes,224
data/ff_plus_plus/224x224/fake/neuraltextures/train_355_748_f65.jpg,1,neuraltextures,224
data/ff_plus_plus/224x224/fake/deepfakes/train_301_262_f157.jpg,1,deepfakes,224
data/ff_plus_plus/224x224/fake/faceswap/train_085_124_f54.jpg,1,faceswap,224
data/ff_plus_plus/224x224/real/test_623_f36.jpg,0,real,224
data/ff_plus_plus/224x224/real/train_188_f63.jpg,0,real,224
data/ff_plus_plus/224x224/fake/face2face/train_268_269_f53.jpg,1,face2face,224
data/ff_plus_plus/224x224/real/train_054_f303.jpg,0,real,224
data/ff_plus_plus/224x224/fake/deepfakes/test_706_479_f202.jpg,1,deepfakes,224
data/ff_plus_plus/224x224/real/test_263_f185.jpg,0,real,224
data/ff_plus_plus/224x224/fake/deepfakes/train_056_996_f256.jpg,1,deepfakes,224
data/ff_plus_plus/224x224/real/train_067_f203.jpg,0,real,224
data/ff_plus_plus/224x224/fake/face2face/test_860_905_f78.jpg,1,face2face,224
data/ff_plus_plus/224x224/fake/neuraltextures/test_466_428_f149.jpg,1,neuraltextures,224
data/ff_plus_plus/224x224/fake/faceswap/val_492_325_f346.jpg,1,faceswap,224
data/ff_plus_plus/224x224/fake/faceswap/val_194_235_f21.jpg,1,faceswap,224
data/ff_plus_plus/224x224/fake/neuraltextures/train_261_254_f73.jpg,1,neuraltextures,224
data/ff_plus_plus/224x224/fake/face2face/val_521_517_f295.jpg,1,face2face,224
data/ff_plus_plus/224x224/real/test_686_f82.jpg,0,real,224
data/ff_plus_plus/224x224/fake/deepfakes/train_212_179_f171.jpg,1,deepfakes,224
data/ff_plus_plus/224x224/real/train_184_f864.jpg,0,real,224
data/ff_plus_plus/224x224/fake/face2face/val_775_742_f128.jpg,1,face2face,224
data/ff_plus_plus/224x224/fake/deepfakes/train_276_185_f307.jpg,1,deepfakes,224
data/ff_plus_plus/224x224/fake/face2face/train_225_151_f250.jpg,1,face2face,224
data/ff_plus_plus/224x224/real/val_696_f69.jpg,0,real,224
data/ff_plus_plus/224x224/fake/deepfakes/train_134_192_f226.jpg,1,deepfakes,224
data/ff_plus_plus/224x224/fake/neuraltextures/test_419_824_f268.jpg,1,neuraltextures,224
data/ff_plus_plus/224x224/real/train_125_f120.jpg,0,real,224
data/ff_plus_plus/224x224/real/val_199_f0.jpg,0,real,224
data/ff_plus_plus/224x224/fake/faceswap/train_079_076_f45.jpg,1,faceswap,224
data/ff_plus_plus/224x224/real/val_239_f182.jpg,0,real,224
data/ff_plus_plus/224x224/fake/faceswap/test_456_435_f196.jpg,1,faceswap,224
data/ff_plus_plus/224x224/fake/faceswap/val_210_241_f0.jpg,1,faceswap,224
data/ff_plus_plus/224x224/real/train_142_f33.jpg,0,real,224
data/ff_plus_plus/224x224/real/test_040_f75.jpg,0,real,224
data/ff_plus_plus/224x224/fake/faceswap/test_508_831_f292.jpg,1,faceswap,224
data/ff_plus_plus/224x224/fake/face2face/test_479_706_f0.jpg,1,face2face,224
data/ff_plus_plus/224x224/fake/neuraltextures/train_160_928_f116.jpg,1,neuraltextures,224
data/ff_plus_plus/224x224/fake/deepfakes/val_657_644_f469.jpg,1,deepfakes,224
data/ff_plus_plus/224x224/fake/face2face/val_662_641_f252.jpg,1,face2face,224
data/ff_plus_plus/224x224/fake/deepfakes/train_091_116_f22.jpg,1,deepfakes,224
data/ff_plus_plus/224x224/fake/face2face/val_297_270_f245.jpg,1,face2face,224
data/ff_plus_plus/224x224/fake/face2face/train_174_964_f46.jpg,1,face2face,224
data/ff_plus_plus/224x224/real/test_701_f94.jpg,0,real,224
data/ff_plus_plus/224x224/fake/faceswap/train_141_161_f50.jpg,1,faceswap,224
data/ff_plus_plus/224x224/fake/face2face/val_370_483_f283.jpg,1,face2face,224
data/ff_plus_plus/224x224/fake/deepfakes/train_270_297_f64.jpg,1,deepfakes,224
data/ff_plus_plus/224x224/real/val_362_f125.jpg,0,real,224
data/ff_plus_plus/224x224/fake/deepfakes/test_071_054_f93.jpg,1,deepfakes,224
data/ff_plus_plus/224x224/real/test_360_f251.jpg,0,real,224
data/ff_plus_plus/224x224/real/test_216_f245.jpg,0,real,224
data/ff_plus_plus/224x224/fake/faceswap/test_838_810_f440.jpg,1,faceswap,224
data/ff_plus_plus/224x224/fake/faceswap/train_364_440_f28.jpg,1,faceswap,224
data/ff_plus_plus/224x224/real/train_116_f179.jpg,0,real,224
data/ff_plus_plus/224x224/real/train_011_f0.jpg,0,real,224
data/ff_plus_plus/224x224/real/test_171_f260.jpg,0,real,224
data/ff_plus_plus/224x224/fake/neuraltextures/test_163_031_f125.jpg,1,neuraltextures,224
data/ff_plus_plus/224x224/real/train_169_f357.jpg,0,real,224
data/ff_plus_plus/224x224/real/val_899_f462.jpg,0,real,224
data/ff_plus_plus/224x224/fake/faceswap/test_642_635_f394.jpg,1,faceswap,224
data/ff_plus_plus/224x224/real/val_076_f0.jpg,0,real,224
data/ff_plus_plus/224x224/real/train_261_f606.jpg,0,real,224
data/ff_plus_plus/224x224/real/val_453_f133.jpg,0,real,224
data/ff_plus_plus/224x224/fake/face2face/train_111_094_f211.jpg,1,face2face,224
data/ff_plus_plus/224x224/real/val_195_f0.jpg,0,real,224
data/ff_plus_plus/224x224/fake/deepfakes/val_023_923_f0.jpg,1,deepfakes,224
data/ff_plus_plus/224x224/real/val_937_f62.jpg,0,real,224
data/ff_plus_plus/224x224/real/train_018_f163.jpg,0,real,224
data/ff_plus_plus/224x224/real/test_439_f286.jpg,0,real,224
data/ff_plus_plus/224x224/real/val_780_f276.jpg,0,real,224
data/ff_plus_plus/224x224/fake/face2face/test_642_635_f552.jpg,1,face2face,224
data/ff_plus_plus/224x224/real/train_001_f0.jpg,0,real,224
data/ff_plus_plus/224x224/fake/neuraltextures/val_362_354_f266.jpg,1,neuraltextures,224
data/ff_plus_plus/224x224/fake/deepfakes/test_588_556_f430.jpg,1,deepfakes,224
data/ff_plus_plus/224x224/fake/faceswap/train_357_432_f249.jpg,1,faceswap,224
data/ff_plus_plus/224x224/fake/neuraltextures/train_393_405_f475.jpg,1,neuraltextures,224
data/ff_plus_plus/224x224/real/test_446_f305.jpg,0,real,224
data/ff_plus_plus/224x224/fake/faceswap/train_201_203_f15.jpg,1,faceswap,224
data/ff_plus_plus/224x224/real/test_100_f87.jpg,0,real,224
data/ff_plus_plus/224x224/real/train_045_f300.jpg,0,real,224
data/ff_plus_plus/224x224/real/test_293_f365.jpg,0,real,224
data/ff_plus_plus/224x224/real/val_909_f592.jpg,0,real,224
data/ff_plus_plus/224x224/real/val_104_f0.jpg,0,real,224
data/ff_plus_plus/224x224/real/train_093_f179.jpg,0,real,224
data/ff_plus_plus/224x224/fake/faceswap/test_397_602_f280.jpg,1,faceswap,224
data/ff_plus_plus/224x224/real/train_141_f174.jpg,0,real,224
data/ff_plus_plus/224x224/fake/faceswap/train_060_088_f595.jpg,1,faceswap,224
data/ff_plus_plus/224x224/real/test_392_f1443.jpg,0,real,224
data/ff_plus_plus/224x224/fake/neuraltextures/test_115_939_f132.jpg,1,neuraltextures,224
data/ff_plus_plus/224x224/real/train_340_f271.jpg,0,real,224
data/ff_plus_plus/224x224/fake/face2face/val_924_917_f431.jpg,1,face2face,224
data/ff_plus_plus/224x224/fake/face2face/val_076_079_f0.jpg,1,face2face,224
data/ff_plus_plus/224x224/fake/face2face/val_248_232_f177.jpg,1,face2face,224
data/ff_plus_plus/224x224/real/train_273_f232.jpg,0,real,224
data/ff_plus_plus/224x224/fake/face2face/train_292_294_f395.jpg,1,face2face,224
data/ff_plus_plus/224x224/real/train_205_f84.jpg,0,real,224
data/ff_plus_plus/224x224/fake/face2face/val_346_351_f447.jpg,1,face2face,224
data/ff_plus_plus/224x224/real/val_697_f64.jpg,0,real,224
data/ff_plus_plus/224x224/real/val_666_f65.jpg,0,real,224
data/ff_plus_plus/224x224/fake/neuraltextures/val_899_914_f52.jpg,1,neuraltextures,224
data/ff_plus_plus/224x224/fake/faceswap/train_222_168_f112.jpg,1,faceswap,224
data/ff_plus_plus/224x224/fake/faceswap/val_630_623_f242.jpg,1,faceswap,224
data/ff_plus_plus/224x224/real/train_233_f604.jpg,0,real,224
data/ff_plus_plus/224x224/real/train_117_f245.jpg,0,real,224
data/ff_plus_plus/224x224/real/train_056_f372.jpg,0,real,224
data/ff_plus_plus/224x224/fake/deepfakes/train_149_152_f124.jpg,1,deepfakes,224
data/ff_plus_plus/224x224/fake/face2face/val_447_431_f424.jpg,1,face2face,224
data/ff_plus_plus/224x224/real/val_297_f13.jpg,0,real,224
data/ff_plus_plus/224x224/fake/face2face/train_299_145_f326.jpg,1,face2face,224
data/ff_plus_plus/224x224/real/val_811_f391.jpg,0,real,224
data/ff_plus_plus/224x224/fake/faceswap/train_251_375_f166.jpg,1,faceswap,224
data/ff_plus_plus/224x224/fake/faceswap/test_622_647_f280.jpg,1,faceswap,224
data/ff_plus_plus/224x224/real/test_744_f131.jpg,0,real,224
data/ff_plus_plus/224x224/fake/deepfakes/train_225_151_f156.jpg,1,deepfakes,224
data/ff_plus_plus/224x224/real/val_190_f0.jpg,0,real,224
data/ff_plus_plus/224x224/real/test_014_f0.jpg,0,real,224
data/ff_plus_plus/224x224/fake/neuraltextures/train_223_586_f150.jpg,1,neuraltextures,224
data/ff_plus_plus/224x224/fake/neuraltextures/val_512_495_f572.jpg,1,neuraltextures,224
data/ff_plus_plus/224x224/fake/deepfakes/train_197_224_f636.jpg,1,deepfakes,224
data/ff_plus_plus/224x224/real/test_564_f580.jpg,0,real,224
data/ff_plus_plus/224x224/real/train_123_f247.jpg,0,real,224
data/ff_plus_plus/224x224/real/test_253_f241.jpg,0,real,224
data/ff_plus_plus/224x224/fake/faceswap/test_716_712_f416.jpg,1,faceswap,224
data/ff_plus_plus/224x224/fake/deepfakes/test_216_164_f245.jpg,1,deepfakes,224
data/ff_plus_plus/224x224/real/val_482_f121.jpg,0,real,224
data/ff_plus_plus/224x224/real/val_662_f51.jpg,0,real,224
data/ff_plus_plus/224x224/real/train_395_f169.jpg,0,real,224
data/ff_plus_plus/224x224/real/test_655_f606.jpg,0,real,224
data/ff_plus_plus/224x224/real/train_342_f280.jpg,0,real,224
data/ff_plus_plus/224x224/fake/neuraltextures/test_700_813_f160.jpg,1,neuraltextures,224
data/ff_plus_plus/224x224/fake/deepfakes/train_219_220_f168.jpg,1,deepfakes,224
data/ff_plus_plus/224x224/real/train_355_f394.jpg,0,real,224
data/ff_plus_plus/224x224/fake/faceswap/test_738_804_f37.jpg,1,faceswap,224
data/ff_plus_plus/224x224/real/train_187_f883.jpg,0,real,224
data/ff_plus_plus/224x224/real/test_094_f96.jpg,0,real,224
data/ff_plus_plus/224x224/real/train_306_f376.jpg,0,real,224
data/ff_plus_plus/224x224/fake/deepfakes/val_297_270_f107.jpg,1,deepfakes,224
data/ff_plus_plus/224x224/real/val_176_f0.jpg,0,real,224
data/ff_plus_plus/224x224/real/train_237_f651.jpg,0,real,224
data/ff_plus_plus/224x224/real/train_063_f32.jpg,0,real,224
data/ff_plus_plus/224x224/fake/faceswap/train_372_413_f143.jpg,1,faceswap,224
data/ff_plus_plus/224x224/fake/neuraltextures/val_789_753_f429.jpg,1,neuraltextures,224
data/ff_plus_plus/224x224/fake/face2face/test_622_647_f529.jpg,1,face2face,224
data/ff_plus_plus/224x224/fake/faceswap/train_235_194_f10.jpg,1,faceswap,224
data/ff_plus_plus/224x224/real/val_870_f415.jpg,0,real,224
data/ff_plus_plus/224x224/fake/neuraltextures/val_468_470_f411.jpg,1,neuraltextures,224
data/ff_plus_plus/224x224/fake/deepfakes/test_113_983_f840.jpg,1,deepfakes,224
data/ff_plus_plus/224x224/fake/faceswap/train_315_322_f156.jpg,1,faceswap,224
data/ff_plus_plus/224x224/real/train_189_f511.jpg,0,real,224
data/ff_plus_plus/224x224/fake/deepfakes/train_229_247_f175.jpg,1,deepfakes,224
data/ff_plus_plus/224x224/fake/neuraltextures/test_040_997_f120.jpg,1,neuraltextures,224
data/ff_plus_plus/224x224/fake/deepfakes/train_204_230_f425.jpg,1,deepfakes,224
data/ff_plus_plus/224x224/fake/face2face/train_197_224_f50.jpg,1,face2face,224
data/ff_plus_plus/224x224/real/train_098_f174.jpg,0,real,224
data/ff_plus_plus/224x224/fake/faceswap/train_004_982_f0.jpg,1,faceswap,224
data/ff_plus_plus/224x224/fake/face2face/train_275_887_f279.jpg,1,face2face,224
data/ff_plus_plus/224x224/real/val_808_f438.jpg,0,real,224
data/ff_plus_plus/224x224/fake/face2face/train_160_928_f51.jpg,1,face2face,224
data/ff_plus_plus/224x224/fake/deepfakes/test_293_296_f26.jpg,1,deepfakes,224
data/ff_plus_plus/224x224/real/test_413_f208.jpg,0,real,224
data/ff_plus_plus/224x224/real/val_795_f397.jpg,0,real,224
data/ff_plus_plus/224x224/fake/deepfakes/train_188_191_f287.jpg,1,deepfakes,224
data/ff_plus_plus/224x224/fake/faceswap/val_472_511_f445.jpg,1,faceswap,224
data/ff_plus_plus/224x224/fake/face2face/val_905_860_f221.jpg,1,face2face,224
data/ff_plus_plus/224x224/real/train_207_f83.jpg,0,real,224
data/ff_plus_plus/224x224/real/test_144_f201.jpg,0,real,224
data/ff_plus_plus/224x224/real/train_304_f336.jpg,0,real,224
data/ff_plus_plus/224x224/real/val_695_f74.jpg,0,real,224
data/ff_plus_plus/224x224/real/train_055_f393.jpg,0,real,224
data/ff_plus_plus/224x224/real/train_242_f34.jpg,0,real,224
data/ff_plus_plus/224x224/fake/neuraltextures/train_340_341_f60.jpg,1,neuraltextures,224
data/ff_plus_plus/224x224/real/train_101_f276.jpg,0,real,224
data/ff_plus_plus/224x224/real/val_153_f0.jpg,0,real,224
data/ff_plus_plus/224x224/fake/faceswap/train_147_055_f54.jpg,1,faceswap,224
data/ff_plus_plus/224x224/real/val_383_f144.jpg,0,real,224
data/ff_plus_plus/224x224/real/val_906_f347.jpg,0,real,224
data/ff_plus_plus/224x224/real/train_353_f320.jpg,0,real,224
data/ff_plus_plus/224x224/fake/faceswap/test_529_633_f264.jpg,1,faceswap,224
data/ff_plus_plus/224x224/real/train_298_f332.jpg,0,real,224
data/ff_plus_plus/224x224/fake/face2face/train_027_009_f222.jpg,1,face2face,224
data/ff_plus_plus/224x224/real/train_004_f0.jpg,0,real,224
data/ff_plus_plus/224x224/fake/face2face/train_041_063_f640.jpg,1,face2face,224
data/ff_plus_plus/224x224/fake/faceswap/val_870_001_f379.jpg,1,faceswap,224
data/ff_plus_plus/224x224/real/test_706_f90.jpg,0,real,224
data/ff_plus_plus/224x224/real/val_037_f0.jpg,0,real,224
data/ff_plus_plus/224x224/real/test_633_f475.jpg,0,real,224
data/ff_plus_plus/224x224/real/val_691_f55.jpg,0,real,224
data/ff_plus_plus/224x224/real/train_330_f266.jpg,0,real,224
data/ff_plus_plus/224x224/real/train_139_f156.jpg,0,real,224
data/ff_plus_plus/224x224/real/val_752_f350.jpg,0,real,224
data/ff_plus_plus/224x224/real/test_914_f137.jpg,0,real,224
data/ff_plus_plus/224x224/fake/deepfakes/val_696_686_f376.jpg,1,deepfakes,224
data/ff_plus_plus/224x224/real/test_138_f225.jpg,0,real,224
data/ff_plus_plus/224x224/fake/face2face/train_286_267_f241.jpg,1,face2face,224
data/ff_plus_plus/224x224/real/test_497_f620.jpg,0,real,224
data/ff_plus_plus/224x224/real/test_746_f169.jpg,0,real,224
data/ff_plus_plus/224x224/real/train_234_f490.jpg,0,real,224
data/ff_plus_plus/224x224/fake/faceswap/val_583_558_f310.jpg,1,faceswap,224
data/ff_plus_plus/224x224/real/val_526_f173.jpg,0,real,224
data/ff_plus_plus/224x224/real/test_724_f82.jpg,0,real,224
